name,sq_km
Texas,264466.799370416
Kentucky,40377.2117742014
Alaska,581208.670413906
